<?xml version="1.0" encoding="UTF-8"?>
<project-private xmlns="http://www.netbeans.org/ns/project-private/1">
    <editor-bookmarks xmlns="http://www.netbeans.org/ns/editor-bookmarks/2" lastBookmarkId="0"/>
    <open-files xmlns="http://www.netbeans.org/ns/projectui-open-files/2">
        <group>
            <file>file:/C:/Users/2.DAM/OneDrive%20-%20COLEGIO%20NTRA.%20SRA.%20DE%20LA%20ANTIGUA/Documentos/NetBeansProjects/Agenda/src/agenda/Agenda.java</file>
            <file>file:/C:/Users/2.DAM/OneDrive%20-%20COLEGIO%20NTRA.%20SRA.%20DE%20LA%20ANTIGUA/Documentos/NetBeansProjects/Agenda/src/agenda/nuevoContacto.java</file>
            <file>file:/C:/Users/2.DAM/OneDrive%20-%20COLEGIO%20NTRA.%20SRA.%20DE%20LA%20ANTIGUA/Documentos/NetBeansProjects/Agenda/src/agenda/detallesContacto.java</file>
            <file>file:/C:/Users/2.DAM/OneDrive%20-%20COLEGIO%20NTRA.%20SRA.%20DE%20LA%20ANTIGUA/Documentos/NetBeansProjects/Agenda/src/agenda/backGround.java</file>
            <file>file:/C:/Users/2.DAM/OneDrive%20-%20COLEGIO%20NTRA.%20SRA.%20DE%20LA%20ANTIGUA/Documentos/NetBeansProjects/Agenda/src/agenda/login.java</file>
        </group>
    </open-files>
</project-private>
